<?xml version="1.0" encoding="UTF-8"?>
<beans xmlns="http://www.springframework.org/schema/beans"
	xmlns:xsi="http://www.w3.org/2001/XMLSchema-instance"
	xmlns:context="http://www.springframework.org/schema/context"
	xmlns:p="http://www.springframework.org/schema/p"
	xmlns:c="http://www.springframework.org/schema/c"
	xmlns:util="http://www.springframework.org/schema/util"
	xmlns:tx="http://www.springframework.org/schema/tx"
	xsi:schemaLocation="http://www.springframework.org/schema/beans http://www.springframework.org/schema/beans/spring-beans.xsd
		http://www.springframework.org/schema/context http://www.springframework.org/schema/context/spring-context.xsd
		http://www.springframework.org/schema/tx http://www.springframework.org/schema/tx/spring-tx-4.3.xsd
		http://www.springframework.org/schema/util http://www.springframework.org/schema/util/spring-util-4.3.xsd">

	<context:component-scan base-package="sms" />


	<bean name="viewresolver"
		class="org.springframework.web.servlet.view.InternalResourceViewResolver"
		p:prefix="/WEB-INF/views/" p:suffix=".jsp">
	</bean>

	<!-- <bean name="viewresolver" class="org.springframework.web.servlet.view.InternalResourceViewResolver"> 
		<property name="prefix" value="/" /> <property name="suffix" value=".jsp" 
		/> </bean> -->
	<bean class="org.apache.commons.dbcp2.BasicDataSource"
		name="datasource" p:driverClassName="oracle.jdbc.OracleDriver"
		p:url="jdbc:oracle:thin:@192.168.10.11:1521:DB19" p:username="dst03"
		p:password="dst03" />

	<bean class="org.mybatis.spring.SqlSessionFactoryBean"
		name="sqlSessionFactoryBean" p:dataSource-ref="datasource"
		p:mapperLocations="classpath:/sms/*.xml"
		p:typeAliasesPackage="sms.dto" />

	<bean class="org.mybatis.spring.SqlSessionTemplate"
		name="sqlSessionTemplate"
		c:sqlSessionFactory-ref="sqlSessionFactoryBean" />

</beans>